,t_seq,t_dist,t_dist_seq,t_dist_mpi,k_dist
0,0.00014095299999999922,0.069336668,0.02591078700000002,0.043425880999999986,2
1,0.00047493599999999525,0.0029243799999999903,0.0009139729999999846,0.0020104070000000057,2
2,0.0017627260000000061,0.008749786999999995,0.002908570999999985,0.00584121600000001,2
3,0.006805175999999968,0.044144877999999985,0.010642054999999678,0.033502823000000306,2
4,0.02549473899999999,0.14610567200000002,0.04713599099999999,0.09896968100000003,3
5,0.10440718799999993,0.6127265420000001,0.21517007700000013,0.39755646499999997,2
6,0.4511134170000002,2.7408960519999996,1.084375503,1.6565205489999997,3
7,1.815751014,12.320678335,4.633323456000003,7.687354878999997,3
8,7.1722423429999935,53.751013879,20.005753428999988,33.74526045000001,3
