,t_seq,t_dist,t_dist_seq,t_dist_mpi,k_dist
0,0.00011972499999999989,0.000864741,0.000332356,0.000532385,1
1,0.0003919129999999998,0.0008397369999999997,0.0003260190000000003,0.0005137179999999994,1
2,0.0014018469999999995,0.0022255170000000006,0.0009721290000000004,0.0012533880000000002,1
3,0.005476412000000003,0.007281464000000001,0.0032540910000000006,0.004027373000000001,1
4,0.02142996600000001,0.028895048999999992,0.012625983999999993,0.016269065,1
5,0.088650061,0.11947260900000001,0.05342839700000007,0.06604421199999994,1
6,0.36016969900000007,0.5326172820000001,0.23581962000000023,0.2967976619999999,1
7,1.4387348910000002,2.3386710189999995,0.9557915229999994,1.3828794960000002,1
8,5.781174018999998,10.279640657999998,4.281290201999997,5.998350456000001,1
