,t_seq,t_dist,t_dist_seq,t_dist_mpi,k_dist
0,0.000117577,0.001440133,0.0004610500000000002,0.0009790829999999997,2
1,0.000373913,0.002030399,0.0007089759999999996,0.0013214230000000004,2
2,0.001424593,0.005983431999999999,0.0023345179999999972,0.0036489140000000014,2
3,0.005362092999999998,0.022923723,0.010525705999999985,0.012398017000000015,3
4,0.02247645499999998,0.092459423,0.04164520900000006,0.05081421399999994,3
5,0.08995041299999995,0.47587937900000005,0.2302994800000001,0.24557989899999993,3
6,0.36300930600000036,1.974972802,0.9460806039999996,1.0288921980000003,3
7,1.4811822909999997,8.656179095999999,3.926565980999997,4.729613115000002,3
8,5.797975072,36.248981670000006,17.456407905000013,18.792573764999993,3
