,t_seq,t_dist,t_dist_seq,t_dist_mpi,k_dist
0,0.00012210799999999924,0.021128106,0.020301002000000002,0.0008271039999999986,2
1,0.0004169559999999996,0.0014282229999999993,0.0005691909999999897,0.0008590320000000096,2
2,0.0014293889999999962,0.003713446999999998,0.001688482000000005,0.002024964999999993,2
3,0.005661900999999997,0.011444659000000003,0.0055646329999999924,0.00588002600000001,2
4,0.02211485599999999,0.048006276,0.02192003899999999,0.026086237000000012,2
5,0.09173265899999994,0.19912937999999997,0.09865508299999987,0.1004742970000001,2
6,0.36471594600000046,0.8760101260000002,0.40126320199999954,0.4747469240000006,2
7,1.490594045,3.7696888280000005,1.6520475300000035,2.117641297999997,2
8,6.194349490999997,16.014945364000003,7.210935543000005,8.804009820999998,2
