,t_seq,t_dist,t_dist_seq,t_dist_mpi,k_dist
0,0.00014950999999999853,0.032334041,0.015892116000000008,0.016441924999999993,2
1,0.00044914600000000443,0.002336745000000001,0.0008507710000000071,0.001485973999999994,2
2,0.0015771220000000002,0.007121021999999998,0.002804690999999998,0.004316331,2
3,0.006132507000000009,0.027249696999999996,0.010485074000000018,0.01676462299999998,2
4,0.022803463999999996,0.09712466499999994,0.03895576600000006,0.058168898999999885,2
5,0.08964279000000008,0.44849776799999996,0.24187638200000006,0.2066213859999999,3
6,0.3910668559999997,1.8563685119999997,0.9068288620000005,0.9495396499999993,3
7,1.4969479780000015,8.170627146000001,4.134300197,4.036326949000001,3
8,6.555732211000006,37.47405802600001,17.74047339599999,19.733584630000017,3
