,t_seq,t_dist,t_dist_seq,t_dist_mpi,k_dist
0,7.551300000000101e-05,0.009606692,0.00028713,0.009319562,1
1,0.00026282199999999936,0.0016691360000000016,0.0004135419999999994,0.0012555940000000022,1
2,0.0010083279999999993,0.005510853,0.0012391140000000047,0.004271738999999995,1
3,0.004082656000000004,0.018886750999999997,0.00444242999999999,0.014444321000000006,1
4,0.015795734000000006,0.07319122600000003,0.01749697500000008,0.055694250999999945,1
5,0.06572341800000003,0.36666046499999994,0.08534728899999988,0.28131317600000005,1
6,0.26585802999999997,1.6320936309999998,0.37934345000000036,1.2527501809999995,1
7,1.0658663219999998,6.651467051999999,1.7796493369999977,4.8718177150000015,1
8,4.301891470000001,28.598616205000003,7.609007013000003,20.989609192,1
