,t_seq,t_dist,t_dist_seq,t_dist_mpi,k_dist
0,0.00014169199999999882,0.023439325,0.022155591,0.0012837340000000017,2
1,0.0004719710000000016,0.002596646000000001,0.0008843080000000038,0.0017123379999999973,2
2,0.0017677419999999958,0.007422101,0.0030132220000000168,0.004408878999999984,2
3,0.006828934000000009,0.026686011999999995,0.010826587000000006,0.01585942499999999,2
4,0.026657520999999962,0.113473992,0.056503379999999964,0.05697061200000003,3
5,0.11140056099999995,0.512333465,0.2378004979999997,0.2745329670000003,2
6,0.4504360279999995,2.3630119720000002,1.1348516449999995,1.2281603270000008,3
7,1.814008740000002,9.780599676,4.703273354000006,5.077326321999994,3
8,7.251594853,44.060620164999996,21.231059929999986,22.82956023500001,3
