,t_seq,t_dist,t_dist_seq,t_dist_mpi,k_dist
0,0.00012912100000000005,0.001133062,0.0003186939999999999,0.0008143680000000001,2
1,0.00044323500000000016,0.0016927299999999995,0.0006275399999999989,0.0010651900000000006,2
2,0.001453892,0.004006249999999999,0.0018051469999999983,0.002201103000000001,2
3,0.005563074000000001,0.012308332000000002,0.005907348999999999,0.0064009830000000024,2
4,0.021879863,0.047277295,0.02239157699999994,0.024885718000000057,2
5,0.09156781300000005,0.194690759,0.09729460199999984,0.09739615700000015,2
6,0.3706291290000001,0.8713029840000002,0.39967472499999945,0.4716282590000007,2
7,1.4889305870000005,3.7806331479999997,1.6373556470000024,2.1432775009999974,2
8,5.964153764000002,16.116516765000004,7.232437010000016,8.884079754999988,2
