,t_seq,t_dist,t_dist_seq,t_dist_mpi,k_dist
0,0.00011156600000000044,0.043266785,0.018245611,0.025021174000000004,1
1,0.00036737000000000575,0.0018611899999999987,0.0006454710000000086,0.0012157189999999901,1
2,0.001402398000000013,0.004778672000000012,0.0017784299999999975,0.003000242000000014,1
3,0.005577314,0.024602307000000004,0.006544435999999987,0.018057871000000017,1
4,0.021896942000000003,0.070467988,0.029443231999999986,0.04102475600000001,1
5,0.09090221600000004,0.39538129,0.16653270600000003,0.22884858399999997,1
6,0.3693294979999999,1.78712942,0.7147644730000002,1.0723649469999998,1
7,1.482037054000001,7.517791255,3.081256778000001,4.436534476999999,1
8,5.936799682,33.981322494,14.530399013000004,19.450923480999993,1
