round,time(seconds),mpitime,comm0time,comm1time,comm2time,comm3time,comm4time
1,0.450216916,0.101728744,0.062070859999999964,0,0,0,0.03965788400000003,
2,494.03102768599996,286.4345568819999,0,119.11014462,0,167.20362010399998,0.120792157999972,
3,191.77452412300005,36.907763194999916,0,9.591028875999996,0,27.31524035999996,0.0014939589999585223